,date,price
0,2019-06-25,11740.34
1,2019-06-26,12913.28
2,2019-06-27,11154.09
3,2019-06-28,12355.06
4,2019-06-29,11884.1
5,2019-06-30,10769.05
6,2019-07-01,10591.87
7,2019-07-02,10844.13
8,2019-07-03,11981.61
9,2019-07-04,11156.52
10,2019-07-05,10993.25
11,2019-07-06,11248.94
12,2019-07-07,11474.28
13,2019-07-08,12296.16
14,2019-07-09,12567.02
15,2019-07-10,12099.12
16,2019-07-11,11343.12
17,2019-07-12,11797.37
18,2019-07-13,11363.97
19,2019-07-14,10204.41
20,2019-07-15,10850.26
21,2019-07-16,9423.44
22,2019-07-17,9696.15
23,2019-07-18,10638.35
24,2019-07-19,10532.94
25,2019-07-20,10759.42
26,2019-07-21,10586.71
27,2019-07-22,10325.87
28,2019-07-23,9854.15
29,2019-07-24,9772.14
30,2019-07-25,9882.43
31,2019-07-26,9847.45
32,2019-07-27,9478.32
33,2019-07-28,9531.77
34,2019-07-29,9506.93
35,2019-07-30,9595.52
36,2019-07-31,10089.25
37,2019-08-01,10409.79
38,2019-08-02,10528.99
39,2019-08-03,10820.41
40,2019-08-04,10978.91
41,2019-08-05,11807.96
42,2019-08-06,11467.1
43,2019-08-07,11974.28
44,2019-08-08,11982.8
45,2019-08-09,11865.21
46,2019-08-10,11293.59
47,2019-08-11,11549.06
48,2019-08-12,11387.41
49,2019-08-13,10872.0
50,2019-08-14,10031.89
51,2019-08-15,10308.51
52,2019-08-16,10360.43
53,2019-08-17,10220.75
54,2019-08-18,10326.25
55,2019-08-19,10922.16
56,2019-08-20,10770.76
57,2019-08-21,10131.67
58,2019-08-22,10104.11
59,2019-08-23,10410.49
60,2019-08-24,10150.07
61,2019-08-25,10141.75
62,2019-08-26,10364.91
63,2019-08-27,10175.47
64,2019-08-28,9722.83
65,2019-08-29,9492.81
66,2019-08-30,9587.25
67,2019-08-31,9624.54
68,2019-09-01,9768.36
69,2019-09-02,10387.5
70,2019-09-03,10625.1
71,2019-09-04,10585.2
72,2019-09-05,10556.16
73,2019-09-06,10309.91
74,2019-09-07,10491.96
75,2019-09-08,10420.88
76,2019-09-09,10314.88
77,2019-09-10,10109.46
78,2019-09-11,10165.01
79,2019-09-12,10428.96
80,2019-09-13,10372.29
81,2019-09-14,10365.56
82,2019-09-15,10313.02
83,2019-09-16,10271.79
84,2019-09-17,10198.62
85,2019-09-18,10163.38
86,2019-09-19,10281.03
87,2019-09-20,10176.38
88,2019-09-21,9988.38
89,2019-09-22,10036.98
90,2019-09-23,9694.6
91,2019-09-24,8542.54
92,2019-09-25,8446.97
93,2019-09-26,8074.99
94,2019-09-27,8201.36
95,2019-09-28,8223.65
96,2019-09-29,8065.26
97,2019-09-30,8314.62
98,2019-10-01,8326.64
99,2019-10-02,8391.52
100,2019-10-03,8246.3
101,2019-10-04,8168.05
102,2019-10-05,8172.48
103,2019-10-06,7868.31
104,2019-10-07,8215.11
105,2019-10-08,8191.87
106,2019-10-09,8593.16
107,2019-10-10,8596.57
108,2019-10-11,8278.05
109,2019-10-12,8316.66
110,2019-10-13,8296.34
111,2019-10-14,8363.94
112,2019-10-15,8173.48
113,2019-10-16,8014.39
114,2019-10-17,8082.46
115,2019-10-18,7972.62
116,2019-10-19,7973.63
117,2019-10-20,8247.25
118,2019-10-21,8223.25
119,2019-10-22,8034.5
120,2019-10-23,7479.54
121,2019-10-24,7444.2
122,2019-10-25,8671.1
123,2019-10-26,9258.98
124,2019-10-27,9550.6
125,2019-10-28,9222.23
126,2019-10-29,9432.86
127,2019-10-30,9169.86
128,2019-10-31,9157.52
129,2019-11-01,9260.59
130,2019-11-02,9311.99
131,2019-11-03,9221.61
132,2019-11-04,9421.54
133,2019-11-05,9323.61
134,2019-11-06,9347.27
135,2019-11-07,9208.52
136,2019-11-08,8772.31
137,2019-11-09,8822.19
138,2019-11-10,9045.85
139,2019-11-11,8726.31
140,2019-11-12,8815.14
141,2019-11-13,8773.82
142,2019-11-14,8640.42
143,2019-11-15,8468.57
144,2019-11-16,8498.94
145,2019-11-17,8515.28
146,2019-11-18,8190.16
147,2019-11-19,8133.57
148,2019-11-20,8093.6
149,2019-11-21,7632.59
150,2019-11-22,7292.2
151,2019-11-23,7339.24
152,2019-11-24,6930.09
153,2019-11-25,7138.23
154,2019-11-26,7170.11
155,2019-11-27,7531.5
156,2019-11-28,7442.33
157,2019-11-29,7769.38
158,2019-11-30,7571.77
159,2019-12-01,7420.53
160,2019-12-02,7320.94
161,2019-12-03,7313.64
162,2019-12-04,7207.78
163,2019-12-05,7406.75
164,2019-12-06,7558.58
165,2019-12-07,7514.86
166,2019-12-08,7539.7
167,2019-12-09,7350.62
168,2019-12-10,7233.84
169,2019-12-11,7212.01
170,2019-12-12,7199.39
171,2019-12-13,7261.72
172,2019-12-14,7080.29
173,2019-12-15,7132.39
174,2019-12-16,6897.33
175,2019-12-17,6635.84
176,2019-12-18,7294.53
177,2019-12-19,7159.26
178,2019-12-20,7203.41
179,2019-12-21,7159.47
180,2019-12-22,7517.58
181,2019-12-23,7326.6
182,2019-12-24,7260.91
183,2019-12-25,7202.72
184,2019-12-26,7207.23
185,2019-12-27,7253.82
186,2019-12-28,7316.23
187,2019-12-29,7399.49
188,2019-12-30,7234.44
189,2019-12-31,7183.88
190,2020-01-01,7189.94
191,2020-01-02,6965.72
192,2020-01-03,7339.7
193,2020-01-04,7357.5
194,2020-01-05,7359.96
195,2020-01-06,7762.69
196,2020-01-07,8160.36
197,2020-01-08,8045.15
198,2020-01-09,7817.35
199,2020-01-10,8190.31
200,2020-01-11,8024.58
201,2020-01-12,8181.49
202,2020-01-13,8106.56
203,2020-01-14,8820.95
204,2020-01-15,8813.21
205,2020-01-16,8719.63
206,2020-01-17,8894.83
207,2020-01-18,8909.28
208,2020-01-19,8702.59
209,2020-01-20,8634.03
210,2020-01-21,8724.84
211,2020-01-22,8667.26
212,2020-01-23,8394.28
213,2020-01-24,8431.78
214,2020-01-25,8345.88
215,2020-01-26,8602.37
216,2020-01-27,8898.94
217,2020-01-28,9391.97
218,2020-01-29,9286.18
219,2020-01-30,9501.38
220,2020-01-31,9342.23
221,2020-02-01,9384.45
222,2020-02-02,9334.25
223,2020-02-03,9288.96
224,2020-02-04,9171.98
225,2020-02-05,9611.42
226,2020-02-06,9755.84
227,2020-02-07,9808.36
228,2020-02-08,9898.25
229,2020-02-09,10157.78
230,2020-02-10,9858.03
231,2020-02-11,10269.43
232,2020-02-12,10347.93
233,2020-02-13,10233.32
234,2020-02-14,10360.37
235,2020-02-15,9905.43
236,2020-02-16,9925.51
237,2020-02-17,9702.48
238,2020-02-18,10182.6
239,2020-02-19,9602.43
240,2020-02-20,9608.8
241,2020-02-21,9697.86
242,2020-02-22,9671.46
243,2020-02-23,9977.39
244,2020-02-24,9664.21
245,2020-02-25,9316.18
246,2020-02-26,8793.5
247,2020-02-27,8821.5
248,2020-02-28,8719.29
249,2020-02-29,8545.45
250,2020-03-01,8549.38
251,2020-03-02,8919.74
252,2020-03-03,8765.68
253,2020-03-04,8773.78
254,2020-03-05,9074.82
255,2020-03-06,9160.39
256,2020-03-07,8903.72
257,2020-03-08,8057.67
258,2020-03-09,7944.4
259,2020-03-10,7894.66
260,2020-03-11,7945.36
261,2020-03-12,4916.78
262,2020-03-13,5632.58
263,2020-03-14,5181.77
264,2020-03-15,5357.02
265,2020-03-16,5045.0
266,2020-03-17,5337.66
267,2020-03-18,5413.06
268,2020-03-19,6184.88
269,2020-03-20,6206.44
270,2020-03-21,6195.43
271,2020-03-22,5828.15
272,2020-03-23,6503.53
273,2020-03-24,6767.18
274,2020-03-25,6694.21
275,2020-03-26,6757.95
276,2020-03-27,6382.8
277,2020-03-28,6252.49
278,2020-03-29,5882.2
279,2020-03-30,6403.31
280,2020-03-31,6423.61
281,2020-04-01,6663.63
282,2020-04-02,6804.42
283,2020-04-03,6743.68
284,2020-04-04,6875.95
285,2020-04-05,6781.64
286,2020-04-06,7347.22
287,2020-04-07,7201.57
288,2020-04-08,7367.37
289,2020-04-09,7294.55
290,2020-04-10,6876.49
291,2020-04-11,6887.6
292,2020-04-12,6913.76
293,2020-04-13,6859.43
294,2020-04-14,6879.44
295,2020-04-15,6629.54
296,2020-04-16,7114.55
297,2020-04-17,7037.12
298,2020-04-18,7264.29
299,2020-04-19,7132.88
300,2020-04-20,6842.45
301,2020-04-21,6855.11
302,2020-04-22,7135.41
303,2020-04-23,7489.25
304,2020-04-24,7509.44
305,2020-04-25,7546.92
306,2020-04-26,7701.35
307,2020-04-27,7787.41
308,2020-04-28,7760.32
309,2020-04-29,8784.96
310,2020-04-30,8637.56
311,2020-05-01,8829.12
312,2020-05-02,8981.11
313,2020-05-03,8907.19
314,2020-05-04,8881.65
315,2020-05-05,9029.75
316,2020-05-06,9153.2
317,2020-05-07,9999.93
318,2020-05-08,9808.18
319,2020-05-09,9541.13
320,2020-05-10,8735.05
321,2020-05-11,8568.88
322,2020-05-12,8821.18
323,2020-05-13,9317.44
324,2020-05-14,9793.19
325,2020-05-15,9311.69
326,2020-05-16,9387.08
327,2020-05-17,9670.56
328,2020-05-18,9722.73
329,2020-05-19,9780.2
330,2020-05-20,9509.45
331,2020-05-21,9059.11
332,2020-05-22,9170.74
333,2020-05-23,9186.19
334,2020-05-24,8718.49
335,2020-05-25,8901.48
336,2020-05-26,8844.5
337,2020-05-27,9204.62
338,2020-05-28,9579.71
339,2020-05-29,9424.62
340,2020-05-30,9699.78
341,2020-05-31,9450.47
342,2020-06-01,10211.23
343,2020-06-02,9523.75
344,2020-06-03,9666.06
345,2020-06-04,9794.55
346,2020-06-05,9622.02
347,2020-06-06,9671.46
348,2020-06-07,9750.7
349,2020-06-08,9782.58
350,2020-06-09,9779.7
351,2020-06-10,9891.84
352,2020-06-11,9268.13
353,2020-06-12,9464.23
354,2020-06-13,9474.65
355,2020-06-14,9333.7
356,2020-06-15,9429.65
357,2020-06-16,9526.7
358,2020-06-17,9459.13
359,2020-06-18,9380.67
360,2020-06-19,9301.83
361,2020-06-20,9359.18
362,2020-06-21,9292.81
363,2020-06-22,9691.61
364,2020-06-23,9624.3
365,2020-06-24,9292.94
366,2020-06-25,9241.32
367,2020-06-26,9158.07
368,2020-06-27,9007.14
369,2020-06-28,9120.39
370,2020-06-29,9187.07
371,2020-06-30,9136.47
372,2020-07-01,9238.89
373,2020-07-02,9092.8
374,2020-07-03,9066.46
375,2020-07-04,9142.2
376,2020-07-05,9081.44
377,2020-07-06,9347.05
378,2020-07-07,9257.32
379,2020-07-08,9439.2
380,2020-07-09,9238.95
381,2020-07-10,9288.57
382,2020-07-11,9237.13
383,2020-07-12,9300.95
384,2020-07-13,9237.89
385,2020-07-14,9256.07
386,2020-07-15,9193.22
387,2020-07-16,9133.23
388,2020-07-17,9156.79
389,2020-07-18,9177.22
390,2020-07-19,9216.02
391,2020-07-20,9164.42
392,2020-07-21,9392.83
393,2020-07-22,9537.24
394,2020-07-23,9615.21
395,2020-07-24,9550.23
396,2020-07-25,9708.41
397,2020-07-26,9942.01
398,2020-07-27,11042.94
399,2020-07-28,10933.26
400,2020-07-29,11112.04
401,2020-07-30,11113.66
402,2020-07-31,11352.72
403,2020-08-01,11812.42
404,2020-08-02,11063.5
405,2020-08-03,11234.73
406,2020-08-04,11194.18
407,2020-08-05,11752.05
408,2020-08-06,11771.27
409,2020-08-07,11603.82
410,2020-08-08,11770.77
411,2020-08-09,11686.34
412,2020-08-10,11897.41
413,2020-08-11,11389.01
414,2020-08-12,11570.19
415,2020-08-13,11790.68
416,2020-08-14,11774.52
417,2020-08-15,11860.91
418,2020-08-16,11917.97
419,2020-08-17,12301.19
420,2020-08-18,11956.69
421,2020-08-19,11760.37
422,2020-08-20,11863.43
423,2020-08-21,11527.35
424,2020-08-22,11670.42
425,2020-08-23,11651.52
426,2020-08-24,11756.4
427,2020-08-25,11330.56
428,2020-08-26,11466.89
429,2020-08-27,11331.02
430,2020-08-28,11535.21
431,2020-08-29,11480.48
432,2020-08-30,11716.54
433,2020-08-31,11657.81
434,2020-09-01,11926.69
435,2020-09-02,11397.9
436,2020-09-03,10174.62
437,2020-09-04,10467.33
438,2020-09-05,10167.97
439,2020-09-06,10260.37
440,2020-09-07,10379.08
441,2020-09-08,10128.54
442,2020-09-09,10228.85
443,2020-09-10,10345.68
444,2020-09-11,10398.5
445,2020-09-12,10448.0
446,2020-09-13,10332.36
447,2020-09-14,10678.31
448,2020-09-15,10786.7
449,2020-09-16,10957.1
450,2020-09-17,10945.14
451,2020-09-18,10937.89
452,2020-09-19,11083.61
453,2020-09-20,10921.85
454,2020-09-21,10418.14
455,2020-09-22,10534.73
456,2020-09-23,10238.09
457,2020-09-24,10742.98
458,2020-09-25,10694.12
459,2020-09-26,10734.23
460,2020-09-27,10781.47
461,2020-09-28,10699.0
462,2020-09-29,10841.29
463,2020-09-30,10779.42
464,2020-10-01,10622.79
465,2020-10-02,10576.64
466,2020-10-03,10552.04
467,2020-10-04,10675.52
468,2020-10-05,10795.11
469,2020-10-06,10603.9
470,2020-10-07,10672.67
471,2020-10-08,10929.4
472,2020-10-09,11058.78
473,2020-10-10,11301.57
474,2020-10-11,11375.51
475,2020-10-12,11539.76
476,2020-10-13,11427.29
477,2020-10-14,11429.3
478,2020-10-15,11508.31
479,2020-10-16,11326.25
480,2020-10-17,11367.65
481,2020-10-18,11513.33
482,2020-10-19,11756.88
483,2020-10-20,11921.78
484,2020-10-21,12813.11
485,2020-10-22,12990.25
486,2020-10-23,12937.2
487,2020-10-24,13126.13
488,2020-10-25,13041.21
489,2020-10-26,13069.43
490,2020-10-27,13646.02
491,2020-10-28,13285.97
492,2020-10-29,13462.18
493,2020-10-30,13565.95
494,2020-10-31,13803.41
495,2020-11-01,13761.72
496,2020-11-02,13571.24
497,2020-11-03,14023.78
498,2020-11-04,14157.73
499,2020-11-05,15599.92
500,2020-11-06,15590.62
501,2020-11-07,14838.16
502,2020-11-08,15488.25
503,2020-11-09,15335.03
504,2020-11-10,15313.73
505,2020-11-11,15707.08
506,2020-11-12,16306.53
507,2020-11-13,16332.85
508,2020-11-14,16075.95
509,2020-11-15,15964.7
510,2020-11-16,16721.46
511,2020-11-17,17681.54
512,2020-11-18,17786.27
513,2020-11-19,17824.64
514,2020-11-20,18672.78
515,2020-11-21,18704.06
516,2020-11-22,18430.59
517,2020-11-23,18385.74
518,2020-11-24,19157.16
519,2020-11-25,18725.76
520,2020-11-26,17175.86
521,2020-11-27,17155.0
522,2020-11-28,17739.9
523,2020-11-29,18199.23
524,2020-11-30,19686.87
525,2020-12-01,18792.03
526,2020-12-02,19226.19
527,2020-12-03,19448.44
528,2020-12-04,18665.0
529,2020-12-05,19156.84
530,2020-12-06,19378.94
531,2020-12-07,19181.41
532,2020-12-08,18323.52
533,2020-12-09,18549.92
534,2020-12-10,18250.47
535,2020-12-11,18034.86
536,2020-12-12,18814.98
537,2020-12-13,19169.05
538,2020-12-14,19274.69
539,2020-12-15,19441.96
540,2020-12-16,21352.13
541,2020-12-17,22822.17
542,2020-12-18,23135.57
543,2020-12-19,23844.72
544,2020-12-20,23467.06
545,2020-12-21,22727.13
546,2020-12-22,23823.32
547,2020-12-23,23239.5
548,2020-12-24,23724.2
549,2020-12-25,24707.98
550,2020-12-26,26445.7
551,2020-12-27,26249.27
552,2020-12-28,27039.45
553,2020-12-29,27360.78
554,2020-12-30,28889.61
555,2020-12-31,28972.4
556,2021-01-01,29388.94
557,2021-01-02,32203.64
558,2021-01-03,33063.48
559,2021-01-04,32030.55
560,2021-01-05,34038.29
561,2021-01-06,36849.86
562,2021-01-07,39479.41
563,2021-01-08,40636.24
564,2021-01-09,40236.66
565,2021-01-10,38202.08
566,2021-01-11,35496.03
567,2021-01-12,34058.4
568,2021-01-13,37380.85
569,2021-01-14,39155.58
570,2021-01-15,36790.17
571,2021-01-16,36025.26
572,2021-01-17,35839.51
573,2021-01-18,36623.04
574,2021-01-19,35932.79
575,2021-01-20,35501.38
576,2021-01-21,30840.3
577,2021-01-22,33008.02
578,2021-01-23,32107.29
579,2021-01-24,32283.66
580,2021-01-25,32275.27
581,2021-01-26,32516.52
582,2021-01-27,30423.05
583,2021-01-28,33443.87
584,2021-01-29,34252.08
585,2021-01-30,34317.82
586,2021-01-31,33143.22
587,2021-02-01,33535.94
588,2021-02-02,35524.43
589,2021-02-03,37677.34
590,2021-02-04,36983.42
591,2021-02-05,38310.24
592,2021-02-06,39267.01
593,2021-02-07,38868.82
594,2021-02-08,46437.41
595,2021-02-09,46509.57
596,2021-02-10,44854.95
597,2021-02-11,48006.18
598,2021-02-12,47435.54
599,2021-02-13,47222.32
600,2021-02-14,48652.87
601,2021-02-15,47936.51
602,2021-02-16,49184.63
603,2021-02-17,52154.91
604,2021-02-18,51591.61
605,2021-02-19,55933.47
606,2021-02-20,55900.84
607,2021-02-21,57469.95
608,2021-02-22,54121.17
609,2021-02-23,48898.7
610,2021-02-24,49738.17
611,2021-02-25,47082.87
612,2021-02-26,46324.5
613,2021-02-27,46191.39
614,2021-02-28,45261.03
615,2021-03-01,49635.07
616,2021-03-02,48501.21
617,2021-03-03,50392.55
618,2021-03-04,48363.74
619,2021-03-05,48775.37
620,2021-03-06,48892.8
621,2021-03-07,50964.18
622,2021-03-08,52405.02
623,2021-03-09,54928.7
624,2021-03-10,55893.31
625,2021-03-11,57809.41
626,2021-03-12,57256.22
627,2021-03-13,61179.79
628,2021-03-14,58998.89
629,2021-03-15,55665.01
630,2021-03-16,56925.01
631,2021-03-17,58909.0
632,2021-03-18,57643.32
633,2021-03-19,58060.21
634,2021-03-20,58101.34
635,2021-03-21,57374.95
636,2021-03-22,54095.36
637,2021-03-23,54355.45
638,2021-03-24,52303.02
639,2021-03-25,51336.09
640,2021-03-26,55055.43
641,2021-03-27,55863.73
642,2021-03-28,55781.01
643,2021-03-29,57626.1
644,2021-03-30,58781.54
645,2021-03-31,58793.8
646,2021-04-01,58730.82
647,2021-04-02,58987.8
648,2021-04-03,57074.97
649,2021-04-04,58219.43
650,2021-04-05,59119.56
651,2021-04-06,58010.35
652,2021-04-07,55951.98
653,2021-04-08,58084.46
654,2021-04-09,58106.85
655,2021-04-10,59784.8
656,2021-04-11,59980.45
657,2021-04-12,59845.76
658,2021-04-13,63558.48
659,2021-04-14,62964.27
660,2021-04-15,63233.03
661,2021-04-16,61416.41
662,2021-04-17,60056.07
663,2021-04-18,56246.82
664,2021-04-19,55680.11
665,2021-04-20,56496.06
666,2021-04-21,53803.25
667,2021-04-22,51717.61
668,2021-04-23,51178.03
669,2021-04-24,50115.99
670,2021-04-25,49120.97
671,2021-04-26,54062.29
672,2021-04-27,55073.48
673,2021-04-28,54877.94
674,2021-04-29,53581.58
675,2021-04-30,57757.97
676,2021-05-01,57843.16
677,2021-05-02,56623.51
678,2021-05-03,57195.07
679,2021-05-04,53244.07
680,2021-05-05,57506.88
681,2021-05-06,56441.94
682,2021-05-07,57374.33
683,2021-05-08,58943.13
684,2021-05-09,58294.18
685,2021-05-10,55870.01
686,2021-05-11,56747.52
687,2021-05-12,49504.08
688,2021-05-13,49700.6
689,2021-05-14,49887.96
690,2021-05-15,46775.29
691,2021-05-16,46490.71
692,2021-05-17,43552.14
693,2021-05-18,42886.02
694,2021-05-19,36771.87
695,2021-05-20,40597.4
696,2021-05-21,37350.39
697,2021-05-22,37491.5
698,2021-05-23,34716.84
699,2021-05-24,38837.76
700,2021-05-25,38387.36
701,2021-05-26,39295.08
702,2021-05-27,38538.84
703,2021-05-28,35680.92
704,2021-05-29,34611.58
705,2021-05-30,35662.59
706,2021-05-31,37290.83
707,2021-06-01,36683.51
708,2021-06-02,37576.98
709,2021-06-03,39229.66
710,2021-06-04,36861.5
711,2021-06-05,35538.4
712,2021-06-06,35798.57
713,2021-06-07,33582.86
714,2021-06-08,33409.38
715,2021-06-09,37391.58
716,2021-06-10,36680.78
717,2021-06-11,37339.98
718,2021-06-12,35541.78
719,2021-06-13,39017.37
720,2021-06-14,40526.63
721,2021-06-15,40161.86
722,2021-06-16,38345.41
723,2021-06-17,38082.3
724,2021-06-18,35830.29
725,2021-06-19,35515.38
726,2021-06-20,35602.26
727,2021-06-21,31652.62
728,2021-06-22,32537.58
729,2021-06-23,33678.64
730,2021-06-24,34649.84
731,2021-06-25,31593.86
732,2021-06-26,32307.35
733,2021-06-27,34713.81
734,2021-06-28,34487.11
735,2021-06-29,35901.41
736,2021-06-30,35056.39
737,2021-07-01,33543.11
738,2021-07-02,33804.54
739,2021-07-03,34682.84
740,2021-07-04,35287.97
741,2021-07-05,33702.79
742,2021-07-06,34237.66
743,2021-07-07,33880.79
744,2021-07-08,32874.01
745,2021-07-09,33804.2
746,2021-07-10,33515.13
747,2021-07-11,34249.3
748,2021-07-12,33088.51
749,2021-07-13,32737.47
750,2021-07-14,32820.5
751,2021-07-15,31867.46
752,2021-07-16,31401.76
753,2021-07-17,31546.64
754,2021-07-18,31806.3
755,2021-07-19,30847.55
756,2021-07-20,29795.55
757,2021-07-21,32139.48
758,2021-07-22,32299.47
759,2021-07-23,33637.92
760,2021-07-24,34282.56
761,2021-07-25,35369.93
762,2021-07-26,37269.52
763,2021-07-27,39496.69
764,2021-07-28,40030.01
765,2021-07-29,40030.52
766,2021-07-30,42231.83
767,2021-07-31,41474.72
768,2021-08-01,39870.76
769,2021-08-02,39158.53
770,2021-08-03,38189.3
771,2021-08-04,39738.56
772,2021-08-05,40888.18
773,2021-08-06,42852.18
774,2021-08-07,44617.96
775,2021-08-08,43827.75
776,2021-08-09,46292.61
777,2021-08-10,45601.03
778,2021-08-11,45556.69
779,2021-08-12,44425.52
780,2021-08-13,47832.93
781,2021-08-14,47102.03
782,2021-08-15,47015.94
783,2021-08-16,45927.4
784,2021-08-17,44684.43
785,2021-08-18,44714.54
786,2021-08-19,46761.49
787,2021-08-20,49336.45
788,2021-08-21,48867.87
789,2021-08-22,49289.71
790,2021-08-23,49521.06
791,2021-08-24,47690.54
792,2021-08-25,48996.44
793,2021-08-26,46852.22
794,2021-08-27,49088.1
795,2021-08-28,48918.9
796,2021-08-29,48794.26
797,2021-08-30,46993.31
798,2021-08-31,47159.26
799,2021-09-01,48840.01
800,2021-09-02,49280.77
801,2021-09-03,50019.51
802,2021-09-04,49935.29
803,2021-09-05,51784.16
804,2021-09-06,52693.32
805,2021-09-07,46856.31
806,2021-09-08,46073.45
807,2021-09-09,46392.85
808,2021-09-10,44853.1
809,2021-09-11,45166.12
810,2021-09-12,46049.72
811,2021-09-13,44958.56
812,2021-09-14,47129.01
813,2021-09-15,48148.45
814,2021-09-16,47764.47
815,2021-09-17,47297.98
816,2021-09-18,48312.46
817,2021-09-19,47251.76
818,2021-09-20,42925.46
819,2021-09-21,40709.59
820,2021-09-22,43576.15
821,2021-09-23,44893.87
822,2021-09-24,42848.41
823,2021-09-25,42721.91
824,2021-09-26,43201.79
825,2021-09-27,42187.51
826,2021-09-28,41056.79
827,2021-09-29,41539.43
828,2021-09-30,43829.34
829,2021-10-01,48164.35
830,2021-10-02,47669.02
831,2021-10-03,48234.05
832,2021-10-04,49276.91
833,2021-10-05,51504.27
834,2021-10-06,55345.85
835,2021-10-07,53797.21
836,2021-10-08,53949.29
837,2021-10-09,54968.04
838,2021-10-10,54700.24
839,2021-10-11,57498.8
840,2021-10-12,56010.9
841,2021-10-13,57369.0
842,2021-10-14,57359.21
843,2021-10-15,61684.96
844,2021-10-16,60877.77
845,2021-10-17,61520.54
846,2021-10-18,62038.16
847,2021-10-19,64283.97
848,2021-10-20,66021.02
849,2021-10-21,62283.96
850,2021-10-22,60693.59
851,2021-10-23,61313.09
852,2021-10-24,60863.56
853,2021-10-25,63089.04
854,2021-10-26,60315.68
855,2021-10-27,58464.42
856,2021-10-28,60610.11
857,2021-10-29,62282.5
858,2021-10-30,61891.91
859,2021-10-31,61349.75
860,2021-11-01,60960.98
861,2021-11-02,63260.05
862,2021-11-03,62929.93
863,2021-11-04,61448.47
864,2021-11-05,61019.66
865,2021-11-06,61529.76
866,2021-11-07,63302.78
867,2021-11-08,67549.14
868,2021-11-09,66939.24
869,2021-11-10,64926.06
870,2021-11-11,64820.8
871,2021-11-12,64156.3
872,2021-11-13,64409.56
873,2021-11-14,65509.06
874,2021-11-15,63614.06
875,2021-11-16,60108.9
876,2021-11-17,60365.6
877,2021-11-18,56930.68
878,2021-11-19,58136.22
879,2021-11-20,59769.66
880,2021-11-21,58700.83
881,2021-11-22,56303.06
882,2021-11-23,57566.6
883,2021-11-24,57175.09
884,2021-11-25,58966.99
885,2021-11-26,53788.22
886,2021-11-27,54805.03
887,2021-11-28,57331.41
888,2021-11-29,57839.55
889,2021-11-30,56975.35
890,2021-12-01,57227.97
891,2021-12-02,56522.76
892,2021-12-03,53663.25
893,2021-12-04,49243.39
894,2021-12-05,49465.5
895,2021-12-06,50552.83
896,2021-12-07,50633.01
897,2021-12-08,50513.04
898,2021-12-09,47593.85
899,2021-12-10,47191.14
900,2021-12-11,49398.4
901,2021-12-12,50109.99
902,2021-12-13,46731.03
903,2021-12-14,48387.69
904,2021-12-15,48885.05
905,2021-12-16,47635.92
906,2021-12-17,46164.14
907,2021-12-18,46861.62
908,2021-12-19,46697.13
909,2021-12-20,46913.54
910,2021-12-21,48917.48
911,2021-12-22,48614.97
912,2021-12-23,50830.2
913,2021-12-24,50840.36
914,2021-12-25,50431.63
915,2021-12-26,50790.88
916,2021-12-27,50714.73
917,2021-12-28,47536.39
918,2021-12-29,46471.7
919,2021-12-30,47129.66
920,2021-12-31,46197.31
921,2022-01-01,47737.35
922,2022-01-02,47306.41
923,2022-01-03,46450.79
924,2022-01-04,45824.54
925,2022-01-05,43432.51
926,2022-01-06,43094.54
927,2022-01-07,41543.79
928,2022-01-08,41686.67
929,2022-01-09,41869.6
930,2022-01-10,41832.59
931,2022-01-11,42743.03
932,2022-01-12,43919.67
933,2022-01-13,42575.61
934,2022-01-14,43089.83
935,2022-01-15,43088.74
936,2022-01-16,43100.36
937,2022-01-17,42224.38
938,2022-01-18,42372.75
939,2022-01-19,41674.8
940,2022-01-20,40697.03
941,2022-01-21,36469.3
942,2022-01-22,35075.92
943,2022-01-23,36288.15
944,2022-01-24,36702.79
945,2022-01-25,36975.99
946,2022-01-26,36829.37
947,2022-01-27,37189.85
948,2022-01-28,37744.7
949,2022-01-29,38184.86
950,2022-01-30,37908.44
951,2022-01-31,38494.66
952,2022-02-01,38721.49
953,2022-02-02,36918.19
954,2022-02-03,37328.64
955,2022-02-04,41590.34
956,2022-02-05,41418.21
957,2022-02-06,42412.41
958,2022-02-07,43861.07
959,2022-02-08,44080.12
960,2022-02-09,44422.91
961,2022-02-10,43531.67
962,2022-02-11,42398.98
963,2022-02-12,42239.01
964,2022-02-13,42069.84
965,2022-02-14,42552.28
966,2022-02-15,44576.33
967,2022-02-16,43896.34
968,2022-02-17,40545.09
969,2022-02-18,39994.66
970,2022-02-19,40107.12
971,2022-02-20,38397.25
972,2022-02-21,37037.39
973,2022-02-22,38267.75
974,2022-02-23,37270.85
975,2022-02-24,38353.62
976,2022-02-25,39239.77
977,2022-02-26,39134.83
978,2022-02-27,37714.96
979,2022-02-28,43189.46
980,2022-03-01,44428.47
981,2022-03-02,43935.37
982,2022-03-03,42474.37
983,2022-03-04,39154.4
984,2022-03-05,39407.02
985,2022-03-06,38428.92
986,2022-03-07,38030.63
987,2022-03-08,38748.52
988,2022-03-09,41962.85
989,2022-03-10,39443.42
990,2022-03-11,38741.03
991,2022-03-12,38805.53
992,2022-03-13,37796.31
993,2022-03-14,39696.28
994,2022-03-15,39314.86
995,2022-03-16,41133.64
996,2022-03-17,40956.79
997,2022-03-18,41790.97
998,2022-03-19,42235.02
999,2022-03-20,41243.16
1000,2022-03-21,41043.9
1001,2022-03-22,42380.11
1002,2022-03-23,42904.1
1003,2022-03-24,44006.77
1004,2022-03-25,44331.36
1005,2022-03-26,44542.31
1006,2022-03-27,46842.14
1007,2022-03-28,47128.71
1008,2022-03-29,47445.3
1009,2022-03-30,47056.41
1010,2022-03-31,45522.65
1011,2022-04-01,46299.75
1012,2022-04-02,45822.28
1013,2022-04-03,46414.26
1014,2022-04-04,46609.36
1015,2022-04-05,45501.58
1016,2022-04-06,43177.78
1017,2022-04-07,43466.21
1018,2022-04-08,42273.38
1019,2022-04-09,42768.61
1020,2022-04-10,42153.77
1021,2022-04-11,39536.71
1022,2022-04-12,40086.66
1023,2022-04-13,41150.33
1024,2022-04-14,39951.63
1025,2022-04-15,40563.69
1026,2022-04-16,40392.55
1027,2022-04-17,39688.16
1028,2022-04-18,40811.03
1029,2022-04-19,41504.44
1030,2022-04-20,41375.35
1031,2022-04-21,40490.97
1032,2022-04-22,39716.04
1033,2022-04-23,39445.97
1034,2022-04-24,39466.26
1035,2022-04-25,40437.52
1036,2022-04-26,38117.39
1037,2022-04-27,39252.04
1038,2022-04-28,39749.75
1039,2022-04-29,38594.22
1040,2022-04-30,37650.13
1041,2022-05-01,38480.53
1042,2022-05-02,38513.01
1043,2022-05-03,37725.38
1044,2022-05-04,39680.21
1045,2022-05-05,36546.86
1046,2022-05-06,36009.89
1047,2022-05-07,35469.21
1048,2022-05-08,34033.77
1049,2022-05-09,30076.9
1050,2022-05-10,31013.12
1051,2022-05-11,29017.21
1052,2022-05-12,28915.72
1053,2022-05-13,29244.83
1054,2022-05-14,30050.31
1055,2022-05-15,31296.11
1056,2022-05-16,29838.5
1057,2022-05-17,30415.91
1058,2022-05-18,28667.29
1059,2022-05-19,30282.48
1060,2022-05-20,29166.15
1061,2022-05-21,29410.72
1062,2022-05-22,30264.29
1063,2022-05-23,29075.68
1064,2022-05-24,29630.05
1065,2022-05-25,29508.27
1066,2022-05-26,29188.71
1067,2022-05-27,28597.33
1068,2022-05-28,29013.53
1069,2022-05-29,29452.23
1070,2022-05-30,31716.41
1071,2022-05-31,31782.16
1072,2022-06-01,29789.58
1073,2022-06-02,30439.63
1074,2022-06-03,29680.3
1075,2022-06-04,29845.48
1076,2022-06-05,29897.9
1077,2022-06-06,31353.78
1078,2022-06-07,31111.75
1079,2022-06-08,30189.27
1080,2022-06-09,30082.94
1081,2022-06-10,29067.38
1082,2022-06-11,28389.49
1083,2022-06-12,26587.35
1084,2022-06-13,22471.59
1085,2022-06-14,22118.37
1086,2022-06-15,22566.73
1087,2022-06-16,20372.85
1088,2022-06-17,20432.26
1089,2022-06-18,18954.25
1090,2022-06-19,20553.48
1091,2022-06-20,20550.91
1092,2022-06-21,20699.21
1093,2022-06-22,19956.16
1094,2022-06-23,21098.41
1095,2022-06-24,21219.46
1096,2022-06-25,21474.19
1097,2022-06-26,21031.85
1098,2022-06-27,20718.16
1099,2022-06-28,20251.96
1100,2022-06-29,20094.16
1101,2022-06-30,19908.49
1102,2022-07-01,19249.33
1103,2022-07-02,19225.66
1104,2022-07-03,19294.21
1105,2022-07-04,20212.81
1106,2022-07-05,20158.69
1107,2022-07-06,20545.04
1108,2022-07-07,21611.8
1109,2022-07-08,21592.65
1110,2022-07-09,21582.17
1111,2022-07-10,20846.53
1112,2022-07-11,19944.25
1113,2022-07-12,19309.71
1114,2022-07-13,20230.81
1115,2022-07-14,20577.38
1116,2022-07-15,20827.27
1117,2022-07-16,21199.01
1118,2022-07-17,20792.81
1119,2022-07-18,22447.39
1120,2022-07-19,23399.91
1121,2022-07-20,23222.77
1122,2022-07-21,23153.54
1123,2022-07-22,22686.32
1124,2022-07-23,22452.14
1125,2022-07-24,22585.4
1126,2022-07-25,21305.59
1127,2022-07-26,21258.08
1128,2022-07-27,22960.19
1129,2022-07-28,23855.65
1130,2022-07-29,23769.15
1131,2022-07-30,23646.03
1132,2022-07-31,23308.14
1133,2022-08-01,23271.57
1134,2022-08-02,22991.49
1135,2022-08-03,22825.25
1136,2022-08-04,22622.99
1137,2022-08-05,23319.22
1138,2022-08-06,22956.4
1139,2022-08-07,23179.86
1140,2022-08-08,23817.72
1141,2022-08-09,23156.66
1142,2022-08-10,23959.67
1143,2022-08-11,23943.36
1144,2022-08-12,24412.17
1145,2022-08-13,24449.86
1146,2022-08-14,24313.71
1147,2022-08-15,24101.69
1148,2022-08-16,23858.64
1149,2022-08-17,23338.03
1150,2022-08-18,23201.51
1151,2022-08-19,20833.43
1152,2022-08-20,21142.06
1153,2022-08-21,21514.79
1154,2022-08-22,21399.66
1155,2022-08-23,21520.62
1156,2022-08-24,21369.05
1157,2022-08-25,21565.47
1158,2022-08-26,20247.99
1159,2022-08-27,20038.42
1160,2022-08-28,19554.08
1161,2022-08-29,20292.37
1162,2022-08-30,19813.51
1163,2022-08-31,20050.28
1164,2022-09-01,20129.93
1165,2022-09-02,19957.44
1166,2022-09-03,19834.79
1167,2022-09-04,20003.46
1168,2022-09-05,19793.29
1169,2022-09-06,18791.95
1170,2022-09-07,19287.52
1171,2022-09-08,19321.77
1172,2022-09-09,21369.73
1173,2022-09-10,21655.13
1174,2022-09-11,21836.45
1175,2022-09-12,22400.52
1176,2022-09-13,20173.77
1177,2022-09-14,20233.68
1178,2022-09-15,19700.15
1179,2022-09-16,19804.02
1180,2022-09-17,20118.35
1181,2022-09-18,19417.72
1182,2022-09-19,19541.28
1183,2022-09-20,18879.95
1184,2022-09-21,18468.05
1185,2022-09-22,19405.96
1186,2022-09-23,19291.13
1187,2022-09-24,18924.39
1188,2022-09-25,18809.94
1189,2022-09-26,19230.96
1190,2022-09-27,19081.4
1191,2022-09-28,19412.67
1192,2022-09-29,19593.46
1193,2022-09-30,19425.63
1194,2022-10-01,19313.96
1195,2022-10-02,19058.15
1196,2022-10-03,19632.35
1197,2022-10-04,20344.58
1198,2022-10-05,20160.74
1199,2022-10-06,19965.12
1200,2022-10-07,19532.81
1201,2022-10-08,19419.32
1202,2022-10-09,19442.41
1203,2022-10-10,19131.36
1204,2022-10-11,19058.29
1205,2022-10-12,19154.85
1206,2022-10-13,19378.91
1207,2022-10-14,19182.01
1208,2022-10-15,19069.72
1209,2022-10-16,19264.26
1210,2022-10-17,19550.49
1211,2022-10-18,19330.29
1212,2022-10-19,19123.89
1213,2022-10-20,19043.54
1214,2022-10-21,19166.4
1215,2022-10-22,19207.57
1216,2022-10-23,19572.6
1217,2022-10-24,19331.06
1218,2022-10-25,20087.18
1219,2022-10-26,20776.76
1220,2022-10-27,20295.28
1221,2022-10-28,20599.89
1222,2022-10-29,20820.19
1223,2022-10-30,20630.65
1224,2022-10-31,20492.56
1225,2022-11-01,20480.27
1226,2022-11-02,20150.33
1227,2022-11-03,20207.99
1228,2022-11-04,21150.6
1229,2022-11-05,21301.57
1230,2022-11-06,20910.59
1231,2022-11-07,20593.73
1232,2022-11-08,18544.7
1233,2022-11-09,15820.02
1234,2022-11-10,17559.67
1235,2022-11-11,17007.72
1236,2022-11-12,16773.9
1237,2022-11-13,16307.47
1238,2022-11-14,16592.04
1239,2022-11-15,16879.14
1240,2022-11-16,16648.05
1241,2022-11-17,16680.21
1242,2022-11-18,16677.95
1243,2022-11-19,16683.72
1244,2022-11-20,16253.6
1245,2022-11-21,15760.19
1246,2022-11-22,16198.25
1247,2022-11-23,16590.98
1248,2022-11-24,16588.46
1249,2022-11-25,16508.33
1250,2022-11-26,16451.53
1251,2022-11-27,16420.87
1252,2022-11-28,16207.01
1253,2022-11-29,16431.79
1254,2022-11-30,17162.35
1255,2022-12-01,16978.64
1256,2022-12-02,17094.49
1257,2022-12-03,16888.31
1258,2022-12-04,17111.76
1259,2022-12-05,16966.84
1260,2022-12-06,17086.52
1261,2022-12-07,16837.85
1262,2022-12-08,17226.02
1263,2022-12-09,17126.85
1264,2022-12-10,17129.19
1265,2022-12-11,17094.83
1266,2022-12-12,17208.66
1267,2022-12-13,17775.32
1268,2022-12-14,17801.37
1269,2022-12-15,17359.21
1270,2022-12-16,16658.44
1271,2022-12-17,16780.55
1272,2022-12-18,16742.74
1273,2022-12-19,16442.79
1274,2022-12-20,16901.12
1275,2022-12-21,16821.13
1276,2022-12-22,16816.01
1277,2022-12-23,16780.97
1278,2022-12-24,16837.16
1279,2022-12-25,16829.1
1280,2022-12-26,16916.07
1281,2022-12-27,16700.54
1282,2022-12-28,16540.47
1283,2022-12-29,16631.24
1284,2022-12-30,16599.47
1285,2022-12-31,16531.31
1286,2023-01-01,16613.87
1287,2023-01-02,16670.08
1288,2023-01-03,16670.16
1289,2023-01-04,16846.82
1290,2023-01-05,16825.87
1291,2023-01-06,16946.16
1292,2023-01-07,16942.73
1293,2023-01-08,17115.81
1294,2023-01-09,17179.03
1295,2023-01-10,17442.44
1296,2023-01-11,17938.0
1297,2023-01-12,18849.0
1298,2023-01-13,19932.05
1299,2023-01-14,20954.52
1300,2023-01-15,20878.94
1301,2023-01-16,21188.92
1302,2023-01-17,21136.12
1303,2023-01-18,20678.47
1304,2023-01-19,21082.28
1305,2023-01-20,22676.2
1306,2023-01-21,22789.92
1307,2023-01-22,22714.99
1308,2023-01-23,22917.47
1309,2023-01-24,22637.8
1310,2023-01-25,23066.28
1311,2023-01-26,23009.15
1312,2023-01-27,23077.75
1313,2023-01-28,23031.02
1314,2023-01-29,23747.26
1315,2023-01-30,22833.34
1316,2023-01-31,23129.7
1317,2023-02-01,23730.52
1318,2023-02-02,23470.8
1319,2023-02-03,23437.21
1320,2023-02-04,23332.1
1321,2023-02-05,22940.79
1322,2023-02-06,22761.44
1323,2023-02-07,23252.78
1324,2023-02-08,22961.13
1325,2023-02-09,21807.55
1326,2023-02-10,21634.86
1327,2023-02-11,21862.19
1328,2023-02-12,21790.14
1329,2023-02-13,21787.77
1330,2023-02-14,22208.56
1331,2023-02-15,24332.21
1332,2023-02-16,23533.22
1333,2023-02-17,24578.28
1334,2023-02-18,24638.27
1335,2023-02-19,24287.53
1336,2023-02-20,24838.09
1337,2023-02-21,24450.5
1338,2023-02-22,24186.92
1339,2023-02-23,23941.1
1340,2023-02-24,23189.78
1341,2023-02-25,23168.68
1342,2023-02-26,23557.29
1343,2023-02-27,23492.86
1344,2023-02-28,23137.23
1345,2023-03-01,23642.8
1346,2023-03-02,23467.23
1347,2023-03-03,22360.92
1348,2023-03-04,22353.23
1349,2023-03-05,22434.09
1350,2023-03-06,22410.79
1351,2023-03-07,22201.44
1352,2023-03-08,21704.74
1353,2023-03-09,20370.48
1354,2023-03-10,20206.71
1355,2023-03-11,20613.6
1356,2023-03-12,22183.71
1357,2023-03-13,24207.1
1358,2023-03-14,24757.56
1359,2023-03-15,24372.11
1360,2023-03-16,25049.83
1361,2023-03-17,27441.41
1362,2023-03-18,26973.46
1363,2023-03-19,28040.29
1364,2023-03-20,27807.05
1365,2023-03-21,28188.11
1366,2023-03-22,27316.18
1367,2023-03-23,28345.7
1368,2023-03-24,27493.01
1369,2023-03-25,27492.83
1370,2023-03-26,27995.16
1371,2023-03-27,27146.01
1372,2023-03-28,27266.08
1373,2023-03-29,28355.7
1374,2023-03-30,28040.71
1375,2023-03-31,28474.62
1376,2023-04-01,28468.49
1377,2023-04-02,28187.85
1378,2023-04-03,27809.04
1379,2023-04-04,28177.23
1380,2023-04-05,28180.06
1381,2023-04-06,28043.49
1382,2023-04-07,27927.8
1383,2023-04-08,27953.93
1384,2023-04-09,28340.68
1385,2023-04-10,29655.75
1386,2023-04-11,30226.45
1387,2023-04-12,29905.56
1388,2023-04-13,30407.76
1389,2023-04-14,30491.71
1390,2023-04-15,30321.55
1391,2023-04-16,30322.37
1392,2023-04-17,29446.34
1393,2023-04-18,30395.53
1394,2023-04-19,28821.91
1395,2023-04-20,28248.11
1396,2023-04-21,27261.17
1397,2023-04-22,27820.73
1398,2023-04-23,27596.85
1399,2023-04-24,27520.93
1400,2023-04-25,28308.07
1401,2023-04-26,28432.89
1402,2023-04-27,29483.94
1403,2023-04-28,29339.99
1404,2023-04-29,29251.2
1405,2023-04-30,29236.81
1406,2023-05-01,28086.77
1407,2023-05-02,28694.7
1408,2023-05-03,29041.65
1409,2023-05-04,28865.72
1410,2023-05-05,29548.51
1411,2023-05-06,28943.98
1412,2023-05-07,28572.81
1413,2023-05-08,27783.42
1414,2023-05-09,27680.21
1415,2023-05-10,27628.73
1416,2023-05-11,26991.62
1417,2023-05-12,26807.09
1418,2023-05-13,26788.88
1419,2023-05-14,26931.44
1420,2023-05-15,27176.27
1421,2023-05-16,27036.57
1422,2023-05-17,27406.21
1423,2023-05-18,26823.31
1424,2023-05-19,26888.42
1425,2023-05-20,27118.54
1426,2023-05-21,26755.17
1427,2023-05-22,26855.4
1428,2023-05-23,27224.7
1429,2023-05-24,26326.17
1430,2023-05-25,26480.21
1431,2023-05-26,26719.7
1432,2023-05-27,26872.59
1433,2023-05-28,28077.57
1434,2023-05-29,27746.07
1435,2023-05-30,27703.56
1436,2023-05-31,27220.17
1437,2023-06-01,26825.73
1438,2023-06-02,27251.14
1439,2023-06-03,27078.3
1440,2023-06-04,27125.24
1441,2023-06-05,25740.46
1442,2023-06-06,27269.02
1443,2023-06-07,26348.91
1444,2023-06-08,26509.09
1445,2023-06-09,26483.81
1446,2023-06-10,25856.18
1447,2023-06-11,25937.58
1448,2023-06-12,25905.64
1449,2023-06-13,25928.94
1450,2023-06-14,25125.73
1451,2023-06-15,25574.36
1452,2023-06-16,26330.59
1453,2023-06-17,26510.43
1454,2023-06-18,26338.0
1455,2023-06-19,26842.09
1456,2023-06-20,28319.35
1457,2023-06-21,30000.55
1458,2023-06-22,29892.81
1459,2023-06-23,30705.39
1460,2023-06-24,30548.2
1461,2023-06-25,30473.64
1462,2023-06-26,30271.91
1463,2023-06-27,30696.99
1464,2023-06-28,30078.9
1465,2023-06-29,30447.17
1466,2023-06-30,30471.06
1467,2023-07-01,30590.76
1468,2023-07-02,30617.66
1469,2023-07-03,31160.24
1470,2023-07-04,30774.39
1471,2023-07-05,30503.07
1472,2023-07-06,29907.98
1473,2023-07-07,30349.69
1474,2023-07-08,30294.36
1475,2023-07-09,30171.49
1476,2023-07-10,30421.04
1477,2023-07-11,30626.62
1478,2023-07-12,30385.22
1479,2023-07-13,31475.78
1480,2023-07-14,30331.09
1481,2023-07-15,30298.45
1482,2023-07-16,30248.17
1483,2023-07-17,30147.68
1484,2023-07-18,29863.79
1485,2023-07-19,29918.6
1486,2023-07-20,29809.61
1487,2023-07-21,29911.46
1488,2023-07-22,29791.61
1489,2023-07-23,30085.68
1490,2023-07-24,29181.04
1491,2023-07-25,29226.63
1492,2023-07-26,29352.06
1493,2023-07-27,29217.05
1494,2023-07-28,29316.82
1495,2023-07-29,29358.76
1496,2023-07-30,29283.34
1497,2023-07-31,29231.47
1498,2023-08-01,29699.74
1499,2023-08-02,29163.69
1500,2023-08-03,29177.75
1501,2023-08-04,29078.51
1502,2023-08-05,29050.34
1503,2023-08-06,29046.16
1504,2023-08-07,29182.16
1505,2023-08-08,29770.51
1506,2023-08-09,29566.47
1507,2023-08-10,29428.1
1508,2023-08-11,29403.56
1509,2023-08-12,29417.08
1510,2023-08-13,29281.55
1511,2023-08-14,29409.22
1512,2023-08-15,29171.23
1513,2023-08-16,28702.8
1514,2023-08-17,26629.67
1515,2023-08-18,26049.69
1516,2023-08-19,26095.8
1517,2023-08-20,26191.01
1518,2023-08-21,26126.18
1519,2023-08-22,26043.01
1520,2023-08-23,26429.4
1521,2023-08-24,26166.22
1522,2023-08-25,26051.29
1523,2023-08-26,26010.35
1524,2023-08-27,26091.32
1525,2023-08-28,26106.0
1526,2023-08-29,27724.41
1527,2023-08-30,27305.41
1528,2023-08-31,25937.29
1529,2023-09-01,25798.79
1530,2023-09-02,25868.56
1531,2023-09-03,25971.37
1532,2023-09-04,25816.24
1533,2023-09-05,25785.01
1534,2023-09-06,25751.71
1535,2023-09-07,26264.75
1536,2023-09-08,25907.13
1537,2023-09-09,25898.41
1538,2023-09-10,25833.67
1539,2023-09-11,25157.07
1540,2023-09-12,25840.34
1541,2023-09-13,26227.49
1542,2023-09-14,26533.66
1543,2023-09-15,26605.49
1544,2023-09-16,26569.13
1545,2023-09-17,26533.12
1546,2023-09-18,26767.82
1547,2023-09-19,27219.02
1548,2023-09-20,27126.4
1549,2023-09-21,26567.47
1550,2023-09-22,26583.16
1551,2023-09-23,26585.41
1552,2023-09-24,26261.44
1553,2023-09-25,26297.93
1554,2023-09-26,26212.59
1555,2023-09-27,26360.2
1556,2023-09-28,27027.2
1557,2023-09-29,26909.4
1558,2023-09-30,26964.27
1559,2023-10-01,27994.51
1560,2023-10-02,27507.22
1561,2023-10-03,27428.66
1562,2023-10-04,27789.8
1563,2023-10-05,27414.59
1564,2023-10-06,27946.61
1565,2023-10-07,27973.69
1566,2023-10-08,27933.57
1567,2023-10-09,27598.77
1568,2023-10-10,27395.4
1569,2023-10-11,26871.21
1570,2023-10-12,26756.23
1571,2023-10-13,26862.9
1572,2023-10-14,26854.52
1573,2023-10-15,27177.41
1574,2023-10-16,28518.37
1575,2023-10-17,28409.46
1576,2023-10-18,28328.07
1577,2023-10-19,28733.78
1578,2023-10-20,29684.37
1579,2023-10-21,29924.08
1580,2023-10-22,30001.44
1581,2023-10-23,33084.08
1582,2023-10-24,33923.52
1583,2023-10-25,34503.4
1584,2023-10-26,34157.06
1585,2023-10-27,33907.7
1586,2023-10-28,34090.05
1587,2023-10-29,34535.38
1588,2023-10-30,34494.56
1589,2023-10-31,34657.73
1590,2023-11-01,35439.76
1591,2023-11-02,34947.15
1592,2023-11-03,34732.28
1593,2023-11-04,35086.09
1594,2023-11-05,35039.47
1595,2023-11-06,35054.59
1596,2023-11-07,35421.85
1597,2023-11-08,35638.33
1598,2023-11-09,36704.14
1599,2023-11-10,37321.51
1600,2023-11-11,37142.22
1601,2023-11-12,37079.76
1602,2023-11-13,36482.51
1603,2023-11-14,35551.21
1604,2023-11-15,37884.19
1605,2023-11-16,36162.42
1606,2023-11-17,36626.32
1607,2023-11-18,36591.19
1608,2023-11-19,37388.64
1609,2023-11-20,37476.66
1610,2023-11-21,35758.72
1611,2023-11-22,37424.2
1612,2023-11-23,37299.18
1613,2023-11-24,37737.05
1614,2023-11-25,37801.92
1615,2023-11-26,37460.21
1616,2023-11-27,37246.29
1617,2023-11-28,37836.63
1618,2023-11-29,37861.9
1619,2023-11-30,37729.58
1620,2023-12-01,38699.84
1621,2023-12-02,39469.35
1622,2023-12-03,39980.93
1623,2023-12-04,41984.41
1624,2023-12-05,44089.06
1625,2023-12-06,43771.01
1626,2023-12-07,43285.02
1627,2023-12-08,44186.18
1628,2023-12-09,43723.0
1629,2023-12-10,43791.67
1630,2023-12-11,41235.58
1631,2023-12-12,41472.94
1632,2023-12-13,42887.55
1633,2023-12-14,43030.6
1634,2023-12-15,41939.16
1635,2023-12-16,42243.26
1636,2023-12-17,41349.42
1637,2023-12-18,42650.27
1638,2023-12-19,42268.08
1639,2023-12-20,43669.91
1640,2023-12-21,43875.01
1641,2023-12-22,44008.04
1642,2023-12-23,43732.75
1643,2023-12-24,43023.12
1644,2023-12-25,43593.79
1645,2023-12-26,42517.32
1646,2023-12-27,43469.34
1647,2023-12-28,42588.94
1648,2023-12-29,42073.59
1649,2023-12-30,42146.03
1650,2023-12-31,42280.14
1651,2024-01-01,44197.61
1652,2024-01-02,44970.34
1653,2024-01-03,42854.08
1654,2024-01-04,44194.38
1655,2024-01-05,44178.89
1656,2024-01-06,43988.33
1657,2024-01-07,43950.84
1658,2024-01-08,46988.14
1659,2024-01-09,46123.0
1660,2024-01-10,46667.48
1661,2024-01-11,46353.15
1662,2024-01-12,42776.42
1663,2024-01-13,42839.19
1664,2024-01-14,41704.39
1665,2024-01-15,42491.26
1666,2024-01-16,43130.88
1667,2024-01-17,42739.27
1668,2024-01-18,41286.68
1669,2024-01-19,41625.47
1670,2024-01-20,41677.08
1671,2024-01-21,41570.17
1672,2024-01-22,39523.63
1673,2024-01-23,39876.44
1674,2024-01-24,40078.62
1675,2024-01-25,39941.74
1676,2024-01-26,41816.55
1677,2024-01-27,42124.02
1678,2024-01-28,42028.92
1679,2024-01-29,43302.28
1680,2024-01-30,42943.64
1681,2024-01-31,42555.08
1682,2024-02-01,43073.2
1683,2024-02-02,43181.71
1684,2024-02-03,42999.52
1685,2024-02-04,42570.21
1686,2024-02-05,42664.56
1687,2024-02-06,43091.51
1688,2024-02-07,44339.04
1689,2024-02-08,45304.61
1690,2024-02-09,47154.23
1691,2024-02-10,47768.12
1692,2024-02-11,48311.16
1693,2024-02-12,49942.97
1694,2024-02-13,49733.11
1695,2024-02-14,51844.19
1696,2024-02-15,51934.57
1697,2024-02-16,52163.28
1698,2024-02-17,51668.78
1699,2024-02-18,52139.33
1700,2024-02-19,51781.22
1701,2024-02-20,52269.59
1702,2024-02-21,51854.36
1703,2024-02-22,51263.67
1704,2024-02-23,50744.07
1705,2024-02-24,51574.61
1706,2024-02-25,51727.63
1707,2024-02-26,54518.58
1708,2024-02-27,57071.6
1709,2024-02-28,62507.1
1710,2024-02-29,61179.58
1711,2024-03-01,62431.25
1712,2024-03-02,62038.39
1713,2024-03-03,63149.43
1714,2024-03-04,68338.64
1715,2024-03-05,63804.11
1716,2024-03-06,66115.57
1717,2024-03-07,66928.15
1718,2024-03-08,68269.39
1719,2024-03-09,68446.32
1720,2024-03-10,69023.53
1721,2024-03-11,72095.86
1722,2024-03-12,71449.5
1723,2024-03-13,73118.09
1724,2024-03-14,71366.96
1725,2024-03-15,69497.39
1726,2024-03-16,65260.55
1727,2024-03-17,68364.45
1728,2024-03-18,67609.44
1729,2024-03-19,61924.02
1730,2024-03-20,67857.3
1731,2024-03-21,65493.22
1732,2024-03-22,63816.99
1733,2024-03-23,64004.42
1734,2024-03-24,67208.33
1735,2024-03-25,69892.26
1736,2024-03-26,69990.22
1737,2024-03-27,69434.46
1738,2024-03-28,70789.57
1739,2024-03-29,69903.72
1740,2024-03-30,69629.99
1741,2024-03-31,71312.91
1742,2024-04-01,69686.37
1743,2024-04-02,65466.81
1744,2024-04-03,65986.11
1745,2024-04-04,68523.79
1746,2024-04-05,67860.53
1747,2024-04-06,68913.79
1748,2024-04-07,69357.32
1749,2024-04-08,71629.36
1750,2024-04-09,69129.48
1751,2024-04-10,70628.54
1752,2024-04-11,70026.43
1753,2024-04-12,67158.3
1754,2024-04-13,64021.36
1755,2024-04-14,65765.64
1756,2024-04-15,63447.27
1757,2024-04-16,63824.7
1758,2024-04-17,61283.74
1759,2024-04-18,63511.2
1760,2024-04-19,63848.26
1761,2024-04-20,64979.21
1762,2024-04-21,64955.82
1763,2024-04-22,66854.24
1764,2024-04-23,66415.06
1765,2024-04-24,64263.95
1766,2024-04-25,64488.49
1767,2024-04-26,63750.63
1768,2024-04-27,63434.44
1769,2024-04-28,63111.34
1770,2024-04-29,63847.54
1771,2024-04-30,60633.97
1772,2024-05-01,58277.44
1773,2024-05-02,59083.85
1774,2024-05-03,62917.45
1775,2024-05-04,63904.51
1776,2024-05-05,64037.5
1777,2024-05-06,63168.44
1778,2024-05-07,62323.36
1779,2024-05-08,61179.81
1780,2024-05-09,63077.18
1781,2024-05-10,60790.82
1782,2024-05-11,60823.19
1783,2024-05-12,61459.22
1784,2024-05-13,62932.29
1785,2024-05-14,61548.48
1786,2024-05-15,66245.16
1787,2024-05-16,65250.53
1788,2024-05-17,67051.35
1789,2024-05-18,66927.56
1790,2024-05-19,66268.25
1791,2024-05-20,71430.23
1792,2024-05-21,70141.17
1793,2024-05-22,69123.56
1794,2024-05-23,67946.35
1795,2024-05-24,68548.33
1796,2024-05-25,69288.95
1797,2024-05-26,68488.29
1798,2024-05-27,69386.83
1799,2024-05-28,68330.84
1800,2024-05-29,67576.81
1801,2024-05-30,68346.19
1802,2024-05-31,67482.25
1803,2024-06-01,67721.6
1804,2024-06-02,67738.74
1805,2024-06-03,68799.6
1806,2024-06-04,70548.51
1807,2024-06-05,71117.68
1808,2024-06-06,70772.35
1809,2024-06-07,69330.51
1810,2024-06-08,69303.58
1811,2024-06-09,69639.42
1812,2024-06-10,69505.57
1813,2024-06-11,67319.41
1814,2024-06-12,68247.0
1815,2024-06-13,66742.54
1816,2024-06-14,66006.13
1817,2024-06-15,66188.81
1818,2024-06-16,66631.59
1819,2024-06-17,66481.73
1820,2024-06-18,65158.02
1821,2024-06-19,64950.82
1822,2024-06-20,64847.89
1823,2024-06-21,64119.34
1824,2024-06-22,64250.18
1825,2024-06-23,63181.02
1826,2024-06-24,60270.95
1827,2024-06-25,61796.56
1828,2024-06-26,60824.43
1829,2024-06-27,61630.1
1830,2024-06-28,60324.3
1831,2024-06-29,60905.3
1832,2024-06-30,62685.88
1833,2024-07-01,62841.27
1834,2024-07-02,62044.48
1835,2024-07-03,60157.2
1836,2024-07-04,57041.11
1837,2024-07-05,56646.24
1838,2024-07-06,58255.65
1839,2024-07-07,55866.6
1840,2024-07-08,56709.76
1841,2024-07-09,58047.2
1842,2024-07-10,57725.78
1843,2024-07-11,57348.75
1844,2024-07-12,57913.68
1845,2024-07-13,59231.06
1846,2024-07-14,60818.77
1847,2024-07-15,64765.55
1848,2024-07-16,65087.61
1849,2024-07-17,64096.64
1850,2024-07-18,63981.43
1851,2024-07-19,66708.49
1852,2024-07-20,67163.86
1853,2024-07-21,68176.98
1854,2024-07-22,67567.71
1855,2024-07-23,65939.83
1856,2024-07-24,65375.53
1857,2024-07-25,65794.0
1858,2024-07-26,67925.17
1859,2024-07-27,67904.55
1860,2024-07-28,68252.75
1861,2024-07-29,66782.78
1862,2024-07-30,66180.04
1863,2024-07-31,64617.83
1864,2024-08-01,65300.21
1865,2024-08-02,61422.3
1866,2024-08-03,60679.28
1867,2024-08-04,58135.89
1868,2024-08-05,54031.82
1869,2024-08-06,56057.67
1870,2024-08-07,55130.45
1871,2024-08-08,61708.53
1872,2024-08-09,60868.88
1873,2024-08-10,60940.82
1874,2024-08-11,58725.0
1875,2024-08-12,59360.89
1876,2024-08-13,60609.73
1877,2024-08-14,58698.05
1878,2024-08-15,57552.92
1879,2024-08-16,58893.67
1880,2024-08-17,59497.94
1881,2024-08-18,58439.22
1882,2024-08-19,59464.41
1883,2024-08-20,59027.55
1884,2024-08-21,61170.8
1885,2024-08-22,60387.29
1886,2024-08-23,64087.8
1887,2024-08-24,64180.77
1888,2024-08-25,64264.62
1889,2024-08-26,62850.27
1890,2024-08-27,59441.73
1891,2024-08-28,59043.5
1892,2024-08-29,59369.85
1893,2024-08-30,59129.05
1894,2024-08-31,58989.17
1895,2024-09-01,57313.44
1896,2024-09-02,59147.8
1897,2024-09-03,57481.84
1898,2024-09-04,57975.52
1899,2024-09-05,56167.4
1900,2024-09-06,53954.33
1901,2024-09-07,54167.82
1902,2024-09-08,54879.33
1903,2024-09-09,57056.31
1904,2024-09-10,57642.43
1905,2024-09-11,57354.27
1906,2024-09-12,58140.61
1907,2024-09-13,60548.12
1908,2024-09-14,60013.26
1909,2024-09-15,59139.21
1910,2024-09-16,58210.01
1911,2024-09-17,60321.59
1912,2024-09-18,61775.68
1913,2024-09-19,62963.41
1914,2024-09-20,63211.47
1915,2024-09-21,63363.17
1916,2024-09-22,63587.45
1917,2024-09-23,63341.97
1918,2024-09-24,64276.65
1919,2024-09-25,63144.83
1920,2024-09-26,65183.68
1921,2024-09-27,65790.28
1922,2024-09-28,65868.67
1923,2024-09-29,65611.98
1924,2024-09-30,63314.81
1925,2024-10-01,60790.06
1926,2024-10-02,60641.8
1927,2024-10-03,60746.35
1928,2024-10-04,62094.06
1929,2024-10-05,62059.19
1930,2024-10-06,62821.76
1931,2024-10-07,62209.84
1932,2024-10-08,62129.17
1933,2024-10-09,60585.22
1934,2024-10-10,60280.38
1935,2024-10-11,62517.42
1936,2024-10-12,63197.03
1937,2024-10-13,62854.48
1938,2024-10-14,66068.25
1939,2024-10-15,67064.69
1940,2024-10-16,67614.71
1941,2024-10-17,67408.87
1942,2024-10-18,68425.63
1943,2024-10-19,68370.04
1944,2024-10-20,69020.94
1945,2024-10-21,67358.14
1946,2024-10-22,67390.32
1947,2024-10-23,66612.97
1948,2024-10-24,68163.56
1949,2024-10-25,66577.77
1950,2024-10-26,67014.72
1951,2024-10-27,67945.14
1952,2024-10-28,69925.83
1953,2024-10-29,72723.67
1954,2024-10-30,72331.96
1955,2024-10-31,70207.54
1956,2024-11-01,69473.41
1957,2024-11-02,69354.01
1958,2024-11-03,68747.04
1959,2024-11-04,67811.95
1960,2024-11-05,69378.09
1961,2024-11-06,75643.57
1962,2024-11-07,75922.41
1963,2024-11-08,76562.31
1964,2024-11-09,76716.41
1965,2024-11-10,80429.43
1966,2024-11-11,88758.31
1967,2024-11-12,88040.54
1968,2024-11-13,90498.51
1969,2024-11-14,87334.19
1970,2024-11-15,91058.92
1971,2024-11-16,90630.94
1972,2024-11-17,89877.16
1973,2024-11-18,90514.83
1974,2024-11-19,92418.48
1975,2024-11-20,94379.92
1976,2024-11-21,98436.25
1977,2024-11-22,99010.89
1978,2024-11-23,97765.04
1979,2024-11-24,98018.2
1980,2024-11-25,93019.38
1981,2024-11-26,91903.89
1982,2024-11-27,95957.51
1983,2024-11-28,95670.41
1984,2024-11-29,97510.92
1985,2024-11-30,96473.51
1986,2024-12-01,97276.47
1987,2024-12-02,95859.75
1988,2024-12-03,95928.37
1989,2024-12-04,98751.87
1990,2024-12-05,97053.82
1991,2024-12-06,99897.97
1992,2024-12-07,99926.38
1993,2024-12-08,101189.81
1994,2024-12-09,97338.34
1995,2024-12-10,96657.88
1996,2024-12-11,101203.07
1997,2024-12-12,100041.98
1998,2024-12-13,101429.78
1999,2024-12-14,101402.95
2000,2024-12-15,102737.04
